{"cameraMode":{"drawMode":0,"name":"Shaded","section":"Shading Mode"},"sceneLighting":false,"audioPlay":false,"sceneViewState":{"m_AlwaysRefresh":false,"showFog":true,"showSkybox":false,"showFlares":true,"showImageEffects":true,"showParticleSystems":true,"showVisualEffectGraphs":true,"m_FxEnabled":true},"in2DMode":false,"pivot":{"x":3.5762786865234377e-7,"y":0.4870645999908447,"z":0.018047094345092775},"rotation":{"x":0.03388705849647522,"y":-0.016489777714014055,"z":0.0005591968656517565,"w":0.9992900490760803},"size":1.4522345066070557,"orthographic":true}